[
  {
    "id": "3f703194-d9ee-40f3-8173-4793a91507ff",
    "title": "MyHealthplan Blog",
    "description": "health and fitness website",
    "startTime": null,
    "completed": false,
    "status": "working",
    "createdAt": "2025-01-15T16:44:19.786Z",
    "completedAt": null,
    "owner": {
      "name": "John Doe",
      "avatar": "assets/profile.jpg"
    },
    "month": "this",
    "subTasks": [
      {
        "id": "805e4fad-d982-4e1e-b7bb-b48cf9a8eae7",
        "title": "Header",
        "description": "responsive & dropdown menu",
        "completed": false,
        "status": "working",
        "createdAt": "2025-01-15T18:14:16.435Z",
        "completedAt": null,
        "owner": {
          "name": "John Doe",
          "avatar": "assets/profile.jpg"
        }
      },
      {
        "id": "b2bfbf3c-ed39-476c-b143-52ca5f034616",
        "title": "Fotter",
        "description": "simple footer",
        "completed": false,
        "status": "working",
        "createdAt": "2025-01-15T18:14:28.466Z",
        "completedAt": null,
        "owner": {
          "name": "John Doe",
          "avatar": "assets/profile.jpg"
        }
      }
    ]
  }
]